[{"topK": 589, "shrink": 591}, {"topK": 187, "shrink": 244}, {"topK": 348, "shrink": 354}, {"topK": 444, "shrink": 441}, {"topK": 388, "shrink": 150}, {"topK": 70, "shrink": 652}, {"topK": 445, "shrink": 394}, {"topK": 205, "shrink": 90}, {"topK": 121, "shrink": 793}, {"topK": 799, "shrink": 20}, {"topK": 706, "shrink": 799}, {"topK": 1, "shrink": 5}, {"topK": 518, "shrink": 773}, {"topK": 277, "shrink": 707}, {"topK": 647, "shrink": 1}, {"topK": 758, "shrink": 26}, {"topK": 95, "shrink": 13}, {"topK": 311, "shrink": 3}, {"topK": 552, "shrink": 8}, {"topK": 782, "shrink": 770}, {"topK": 258, "shrink": 8}, {"topK": 94, "shrink": 800}, {"topK": 146, "shrink": 1}, {"topK": 487, "shrink": 12}, {"topK": 126, "shrink": 1}, {"topK": 284, "shrink": 1}, {"topK": 151, "shrink": 800}, {"topK": 678, "shrink": 1}, {"topK": 657, "shrink": 789}, {"topK": 470, "shrink": 797}]