{"10": {"ROC_AUC": 0.0, "PRECISION": 0.0, "PRECISION_RECALL_MIN_DEN": 0.0, "RECALL": 0.0, "MAP": 0.0, "MRR": 0.0, "NDCG": 0.0, "F1": 0.0, "HIT_RATE": 0.0, "ARHR": 0.0, "NOVELTY": 0.004748976815765312, "AVERAGE_POPULARITY": 0.10890631236434738, "DIVERSITY_MEAN_INTER_LIST": 0.9855375380939035, "DIVERSITY_HERFINDAHL": 0.9985339599243112, "COVERAGE_ITEM": 0.3272377285851781, "COVERAGE_ITEM_CORRECT": 0.0, "COVERAGE_USER": 0.6265257329809991, "COVERAGE_USER_CORRECT": 0.0, "DIVERSITY_GINI": 0.09130492200287095, "SHANNON_ENTROPY": 11.044121673585165}}