{"10": {"ROC_AUC": 0.0, "PRECISION": 0.0, "PRECISION_RECALL_MIN_DEN": 0.0, "RECALL": 0.0, "MAP": 0.0, "MRR": 0.0, "NDCG": 0.0, "F1": 0.0, "HIT_RATE": 0.0, "ARHR": 0.0, "NOVELTY": 0.004793179519702222, "AVERAGE_POPULARITY": 0.10518837592787411, "DIVERSITY_MEAN_INTER_LIST": 0.9870892889130095, "DIVERSITY_HERFINDAHL": 0.9986890998577752, "COVERAGE_ITEM": 0.35568816169393647, "COVERAGE_ITEM_CORRECT": 0.0, "COVERAGE_USER": 0.6263998993330817, "COVERAGE_USER_CORRECT": 0.0, "DIVERSITY_GINI": 0.10537448388554853, "SHANNON_ENTROPY": 11.261068240052015}}