{"10": {"ROC_AUC": 0.0, "PRECISION": 0.0, "PRECISION_RECALL_MIN_DEN": 0.0, "RECALL": 0.0, "MAP": 0.0, "MRR": 0.0, "NDCG": 0.0, "F1": 0.0, "HIT_RATE": 0.0, "ARHR": 0.0, "NOVELTY": 0.004671801119017232, "AVERAGE_POPULARITY": 0.12907702984038846, "DIVERSITY_MEAN_INTER_LIST": 0.9755708796581393, "DIVERSITY_HERFINDAHL": 0.9975138253990885, "COVERAGE_ITEM": 0.20769971126082773, "COVERAGE_ITEM_CORRECT": 0.0, "COVERAGE_USER": 0.934521342726896, "COVERAGE_USER_CORRECT": 0.0, "DIVERSITY_GINI": 0.0671479694372496, "SHANNON_ENTROPY": 10.460840891388571}}