{"10": {"ROC_AUC": 0.0, "PRECISION": 0.0, "PRECISION_RECALL_MIN_DEN": 0.0, "RECALL": 0.0, "MAP": 0.0, "MRR": 0.0, "NDCG": 0.0, "F1": 0.0, "HIT_RATE": 0.0, "ARHR": 0.0, "NOVELTY": 0.005011063542545489, "AVERAGE_POPULARITY": 0.08680874213779007, "DIVERSITY_MEAN_INTER_LIST": 0.9897734577772304, "DIVERSITY_HERFINDAHL": 0.998957605581118, "COVERAGE_ITEM": 0.49643888354186716, "COVERAGE_ITEM_CORRECT": 0.0, "COVERAGE_USER": 0.63092991065811, "COVERAGE_USER_CORRECT": 0.0, "DIVERSITY_GINI": 0.1919959760960042, "SHANNON_ENTROPY": 12.055737528475639}}