{"10": {"ROC_AUC": 0.0, "PRECISION": 0.0, "PRECISION_RECALL_MIN_DEN": 0.0, "RECALL": 0.0, "MAP": 0.0, "MRR": 0.0, "NDCG": 0.0, "F1": 0.0, "HIT_RATE": 0.0, "ARHR": 0.0, "NOVELTY": 0.0048895315592895295, "AVERAGE_POPULARITY": 0.09737922672031266, "DIVERSITY_MEAN_INTER_LIST": 0.9884749314127702, "DIVERSITY_HERFINDAHL": 0.9988276681326246, "COVERAGE_ITEM": 0.43076034648700673, "COVERAGE_ITEM_CORRECT": 0.0, "COVERAGE_USER": 0.6274065685164213, "COVERAGE_USER_CORRECT": 0.0, "DIVERSITY_GINI": 0.14453886033341773, "SHANNON_ENTROPY": 11.634051103347392}}