{"10": {"ROC_AUC": 0.0, "PRECISION": 0.0, "PRECISION_RECALL_MIN_DEN": 0.0, "RECALL": 0.0, "MAP": 0.0, "MRR": 0.0, "NDCG": 0.0, "F1": 0.0, "HIT_RATE": 0.0, "ARHR": 0.0, "NOVELTY": 0.0050303766565462735, "AVERAGE_POPULARITY": 0.07947423287069605, "DIVERSITY_MEAN_INTER_LIST": 0.9919724866217398, "DIVERSITY_HERFINDAHL": 0.99917731752923, "COVERAGE_ITEM": 0.48531280076997113, "COVERAGE_ITEM_CORRECT": 0.0, "COVERAGE_USER": 0.6262740656851642, "COVERAGE_USER_CORRECT": 0.0, "DIVERSITY_GINI": 0.187335935324049, "SHANNON_ENTROPY": 12.120594108581036}}