{"10": {"ROC_AUC": 0.0, "PRECISION": 0.0, "PRECISION_RECALL_MIN_DEN": 0.0, "RECALL": 0.0, "MAP": 0.0, "MRR": 0.0, "NDCG": 0.0, "F1": 0.0, "HIT_RATE": 0.0, "ARHR": 0.0, "NOVELTY": 0.0047590207601434726, "AVERAGE_POPULARITY": 0.1189578901054981, "DIVERSITY_MEAN_INTER_LIST": 0.9811618910030038, "DIVERSITY_HERFINDAHL": 0.9980965304769583, "COVERAGE_ITEM": 0.3773628488931665, "COVERAGE_ITEM_CORRECT": 0.0, "COVERAGE_USER": 0.6280357367560085, "COVERAGE_USER_CORRECT": 0.0, "DIVERSITY_GINI": 0.1112680727989778, "SHANNON_ENTROPY": 11.08730091079983}}