{"10": {"ROC_AUC": 0.0, "PRECISION": 0.0, "PRECISION_RECALL_MIN_DEN": 0.0, "RECALL": 0.0, "MAP": 0.0, "MRR": 0.0, "NDCG": 0.0, "F1": 0.0, "HIT_RATE": 0.0, "ARHR": 0.0, "NOVELTY": 0.004828990154172279, "AVERAGE_POPULARITY": 0.10656453846852607, "DIVERSITY_MEAN_INTER_LIST": 0.9850570966811385, "DIVERSITY_HERFINDAHL": 0.9984859532080922, "COVERAGE_ITEM": 0.38948989412897017, "COVERAGE_ITEM_CORRECT": 0.0, "COVERAGE_USER": 0.6274065685164213, "COVERAGE_USER_CORRECT": 0.0, "DIVERSITY_GINI": 0.12336008795060414, "SHANNON_ENTROPY": 11.360184805783627}}