{"10": {"ROC_AUC": 0.0, "PRECISION": 0.0, "PRECISION_RECALL_MIN_DEN": 0.0, "RECALL": 0.0, "MAP": 0.0, "MRR": 0.0, "NDCG": 0.0, "F1": 0.0, "HIT_RATE": 0.0, "ARHR": 0.0, "NOVELTY": 0.005128893309130867, "AVERAGE_POPULARITY": 0.0579821416251707, "DIVERSITY_MEAN_INTER_LIST": 0.9965310686759498, "DIVERSITY_HERFINDAHL": 0.9996332398207713, "COVERAGE_ITEM": 0.42698748796920116, "COVERAGE_ITEM_CORRECT": 0.0, "COVERAGE_USER": 0.6311815779539449, "COVERAGE_USER_CORRECT": 0.0, "DIVERSITY_GINI": 0.17878601226306803, "SHANNON_ENTROPY": 12.421915644277975}}